Fund Name,P1,P2,P3,P4,P5,Topsis Score,Rank
M1,0.3510774374599885,0.3444005875515928,0.4214336606940341,0.3225390836415167,0.3359922875547845,0.5945517248616172,2
M2,0.3803338905816542,0.4026091375603127,0.4403038246057073,0.2428619703428997,0.2698079449705219,0.5662461787825045,3
M3,0.33017997094451296,0.3007441750450529,0.30192262258677066,0.35778088375436645,0.3530721178991103,0.48539412304470564,6
M4,0.3260004776414179,0.2958934625443262,0.402563496782361,0.324837461909746,0.33492479815826415,0.6127758823558636,1
M5,0.3928723704909395,0.42686270006394605,0.22644196694007804,0.4765304276128821,0.45128114237898376,0.3615509175833153,8
M6,0.36779541067236887,0.3735048625559528,0.40885355141958535,0.3945549360460358,0.3979066725529656,0.5387640655736283,5
M7,0.27584655800427665,0.21343135003197303,0.33337289577289264,0.3746356577213816,0.36908445884691576,0.5604586205064671,4
M8,0.3886928771878444,0.41716127506249273,0.21386185766562923,0.28346665308161795,0.28155032833224597,0.38966293040831607,7
