Fund Name,P1,P2,P3,P4,P5,Topsis Score,Rank
M1,0.702154874919977,0.6888011751031856,1.2643009820821023,0.96761725092455,1.343969150219138,0.410128609554152,8
M2,0.7606677811633084,0.8052182751206254,1.3209114738171217,0.7285859110286991,1.0792317798820876,0.4503708157740675,5
M3,0.6603599418890259,0.6014883500901058,0.905767867760312,1.0733426512630992,1.4122884715964412,0.531177218651695,3
M4,0.6520009552828357,0.5917869250886524,1.2076904903470829,0.9745123857292379,1.3396991926330566,0.41347825399198446,7
M5,0.785744740981879,0.8537254001278921,0.6793259008202341,1.4295912828386463,1.805124569515935,0.57702762196467,2
M6,0.7355908213447377,0.7470097251119056,1.2265606542587562,1.1836648081381074,1.5916266902118623,0.41804255549225305,6
M7,0.5516931160085533,0.42686270006394605,1.000118687318678,1.1239069731641447,1.476337835387663,0.4642924621813209,4
M8,0.7773857543756888,0.8343225501249855,0.6415855729968877,0.8503999592448539,1.1262013133289839,0.6274487277755187,1
